{
 "_source": "pilot_Su_domain_block_mod4Liu.csv",
 "_n_rows": 3521,
 "cheap_columns": [
  "Wn",
  "Gs",
  "LL",
  "PL",
  "rho_t",
  "e"
 ],
 "cheap_quantiles": {
  "Wn": [
   27.5,
   38.400002,
   41.799999,
   44.299999,
   46.799999,
   48.699999,
   50.599998,
   52.299999,
   54.200001,
   55.299999,
   56.299999,
   57.5,
   58.700001,
   60.5,
   62.299999,
   64.300003,
   66.300003,
   68.300003,
   71.0,
   73.599998,
   75.699997,
   77.800003,
   79.699997,
   81.099998,
   82.900002,
   84.400002,
   85.400002,
   86.5,
   87.5,
   88.599998,
   89.599998,
   90.5,
   91.5,
   92.5,
   93.400002,
   94.699997,
   96.300003,
   98.099998,
   101.75,
   109.5,
   178.5
  ],
  "Gs": [
   0.866,
   2.601,
   2.616,
   2.627,
   2.635,
   2.64,
   2.645,
   2.649,
   2.652,
   2.655,
   2.658,
   2.66,
   2.661,
   2.664,
   2.667,
   2.669,
   2.67,
   2.671,
   2.674,
   2.677,
   2.68,
   2.68,
   2.681,
   2.684,
   2.686,
   2.689,
   2.69,
   2.692,
   2.695,
   2.698,
   2.7,
   2.701,
   2.704,
   2.708,
   2.71,
   2.714,
   2.718,
   2.722,
   2.729,
   2.74,
   2.9
  ],
  "LL": [
   24.0,
   41.200001,
   45.599998,
   48.799999,
   51.799999,
   54.200001,
   56.700001,
   58.599998,
   61.0,
   62.900002,
   64.800003,
   66.599998,
   68.300003,
   70.199997,
   72.099998,
   74.099998,
   76.0,
   78.099998,
   80.300003,
   82.300003,
   84.5,
   86.300003,
   88.0,
   89.699997,
   91.900002,
   93.5,
   95.300003,
   96.699997,
   98.199997,
   99.5,
   100.800003,
   102.5,
   104.0,
   105.599999,
   107.199997,
   109.0,
   110.599998,
   112.5,
   114.699997,
   118.300003,
   140.0
  ],
  "PL": [
   14.6,
   23.700001,
   25.0,
   26.0,
   27.0,
   27.799999,
   28.4,
   29.0,
   29.799999,
   30.4,
   31.0,
   31.6,
   32.200001,
   32.799999,
   33.299999,
   33.900002,
   34.5,
   35.099998,
   35.799999,
   36.299999,
   36.900002,
   37.5,
   38.099998,
   38.799999,
   39.299999,
   40.0,
   40.599998,
   41.200001,
   42.0,
   42.5,
   43.099998,
   43.700001,
   44.299999,
   45.0,
   46.0,
   47.0,
   48.099998,
   49.200001,
   51.0,
   53.299999,
   62.299999
  ],
  "rho_t": [
   1.225,
   1.4165,
   1.442,
   1.45275,
   1.4605,
   1.466,
   1.470667,
   1.4755,
   1.479333,
   1.48275,
   1.48625,
   1.491,
   1.49475,
   1.499,
   1.504,
   1.509667,
   1.515,
   1.52175,
   1.528667,
   1.538,
   1.5465,
   1.5575,
   1.569667,
   1.5875,
   1.6005,
   1.6125,
   1.625,
   1.6345,
   1.6425,
   1.6525,
   1.661,
   1.669,
   1.678,
   1.68925,
   1.70275,
   1.718,
   1.737,
   1.7525,
   1.775,
   1.809333,
   1.954
  ],
  "e": [
   0.735,
   1.081419,
   1.16825,
   1.238013,
   1.292533,
   1.353469,
   1.403725,
   1.450169,
   1.49585,
   1.530931,
   1.55925,
   1.59725,
   1.629325,
   1.6744,
   1.716958,
   1.774875,
   1.8336,
   1.893,
   1.969588,
   2.02775,
   2.073625,
   2.131506,
   2.16955,
   2.205673,
   2.243433,
   2.2745,
   2.304162,
   2.340117,
   2.365175,
   2.388056,
   2.411625,
   2.437069,
   2.45845,
   2.4785,
   2.503888,
   2.534396,
   2.56735,
   2.618854,
   2.727475,
   2.918279,
   4.742
  ]
 },
 "cheap_corr": [
  [
   1.0,
   -0.3145,
   0.8661,
   0.7739,
   -0.9491,
   0.974
  ],
  [
   -0.3145,
   1.0,
   -0.2819,
   -0.2736,
   0.3244,
   -0.2761
  ],
  [
   0.8661,
   -0.2819,
   1.0,
   0.8638,
   -0.8687,
   0.8555
  ],
  [
   0.7739,
   -0.2736,
   0.8638,
   1.0,
   -0.7799,
   0.7662
  ],
  [
   -0.9491,
   0.3244,
   -0.8687,
   -0.7799,
   1.0,
   -0.9696
  ],
  [
   0.974,
   -0.2761,
   0.8555,
   0.7662,
   -0.9696,
   1.0
  ]
 ],
 "cheap_pc1": [
  0.4505,
  -0.1802,
  0.4373,
  0.4097,
  -0.4512,
  0.4493
 ],
 "cheap_explained_var": [
  0.7654,
  0.1468,
  0.0574,
  0.0189,
  0.0085,
  0.003
 ],
 "grain_columns": [
  "gravel_pct",
  "sand_pct",
  "silt_pct",
  "clay_pct"
 ],
 "grain": {
  "gravel_pct": {
   "zero_frac": 0.9449,
   "pos_quantiles": [
    0.5,
    0.5,
    0.5,
    0.9125,
    1.0,
    1.0,
    1.0,
    1.0,
    1.0,
    1.0,
    1.0,
    1.0,
    1.0,
    1.0,
    1.0,
    1.0,
    1.0,
    1.0,
    1.0,
    1.0,
    1.0,
    1.0,
    1.0,
    1.1625,
    2.0,
    2.0,
    2.0,
    2.0,
    2.7,
    3.0,
    3.0,
    3.525,
    4.0,
    4.075,
    5.35,
    6.625,
    8.95,
    10.175,
    12.45,
    18.625,
    24.0
   ]
  },
  "sand_pct": {
   "zero_frac": 0.0796,
   "pos_quantiles": [
    0.3,
    0.5,
    1.0,
    1.0,
    1.0,
    1.0,
    1.0,
    1.0,
    1.0,
    1.0,
    1.0,
    1.0,
    1.5,
    2.0,
    2.0,
    2.0,
    2.0,
    2.0,
    2.5,
    3.0,
    3.0,
    3.0,
    3.0,
    3.1775,
    4.0,
    4.0,
    5.0,
    5.0,
    6.0,
    6.0,
    7.0,
    8.0,
    10.0,
    12.0,
    15.0,
    18.0,
    23.0,
    29.0,
    37.0,
    49.0,
    86.0
   ]
  },
  "silt_pct": {
   "zero_frac": 0.0,
   "pos_quantiles": [
    8.0,
    25.75,
    28.0,
    30.0,
    32.0,
    33.0,
    34.25,
    35.799999,
    36.0,
    37.0,
    38.0,
    38.0,
    39.0,
    39.0,
    40.0,
    40.5,
    41.0,
    42.0,
    42.0,
    42.5,
    43.0,
    44.0,
    44.0,
    45.0,
    45.5,
    46.0,
    47.0,
    47.575,
    48.0,
    49.0,
    50.0,
    51.0,
    51.700001,
    52.875,
    54.0,
    55.0,
    56.0,
    58.875,
    61.0,
    65.0,
    78.0
   ]
  },
  "clay_pct": {
   "zero_frac": 0.0,
   "pos_quantiles": [
    4.0,
    18.0,
    23.0,
    27.625,
    30.0,
    33.0,
    35.0,
    36.075,
    38.0,
    40.0,
    41.25,
    43.0,
    44.0,
    45.0,
    46.0,
    47.0,
    48.0,
    49.0,
    50.0,
    50.775001,
    51.0,
    52.0,
    53.0,
    53.0,
    54.0,
    55.0,
    55.0,
    56.0,
    57.0,
    57.0,
    58.0,
    59.0,
    59.5,
    60.0,
    61.0,
    62.0,
    63.0,
    64.800001,
    66.0,
    69.0,
    79.0
   ]
  }
 },
 "coupling": {
  "depth_r2": 0.5643,
  "depth_soft_r2": 0.5644,
  "soft_beta_std": -0.0107
 }
}